"t_id","feature1","feature2","feature3","feature4","feature5","feature6","feature7","feature8","feature9","feature10","feature11","feature12","feature13","feature14","feature15","feature16","feature17","feature18","feature19","feature20","feature21"
3234,0.337188236866727,0.100183498133862,0.870233759084232,0.965760223282667,0.492141485137927,0.726847587704626,0.102972679269353,0.876117991701408,0.588289837090228,0.270934191516443,0.314022449008833,0.628388051612352,0.914594743998987,0.960670274947477,0.0153132660223115,0.700234705334042,0.451093579130164,0.436699923790617,0.78378002654154,0.0183311788026094,0.118249619886851
2161,0.533798778851813,0.511680690823682,0.168318957134693,0.285020164708644,0.58408024020485,0.373389924911328,0.895292987312708,0.593942819605585,0.461462463353422,0.532625540499124,0.190585859759606,0.641588118517781,0.284456153478952,0.213876665631146,0.247363004855102,0.725669065205371,0.337187888299869,0.542259711243484,0.534483539954386,0.0900974613118075,0.133104940610267
3927,0.71483698042515,0.968482481339577,0.196031495992317,0.649933180401323,0.875020831175524,0.471918148921155,0.769951712781925,0.403781782558276,0.915529899033897,0.830468786639144,0.630210772165572,0.743444586173223,0.515319296602518,0.580969917694446,0.966082977806236,0.57351505542078,0.465859032379949,0.741973565341839,0.863573195146366,0.937326424957136,0.834724767714528
8427,0.503350964854448,0.0278180242165063,0.893816813420578,0.752154674835922,0.945487004844445,0.983763188595949,0.394326330076947,0.157801185485111,0.862175852479979,0.980516509376811,0.103304979218677,0.76134597080518,0.985481424790908,0.941560629447305,0.0474745032130144,0.122042363429935,0.982569399897752,0.976011603927016,0.00889856818362049,0.000125731138949313,0.0348485470556473
10332,0.264081923809866,0.0731215542617611,0.435650938118019,0.411427325172773,0.564959755319015,0.387135536146419,0.399582905835807,0.632000311689785,0.148989108852602,0.842389796593981,0.229982884633781,0.454794455870903,0.320228559920139,0.321778029466383,0.016544479202915,0.570204180619047,0.614787311797055,0.479612616958198,0.644147266728232,0.00853657241018184,0.102308764832896
1487,0.934224282693227,0.212839728768418,0.766359530626838,0.885966435143254,0.839285408623943,0.871029471417079,0.0712754985570203,0.0314627181364137,0.836143383339317,0.853418498694915,0.101310301291635,0.958287488687868,0.789171428032505,0.879220611727688,0.596737390851237,0.0104673779190467,0.768735366849285,0.983597807653886,0.129831001960605,0.434046707134833,0.174125456713788
11951,0.497154860093143,0.290067190108078,0.487056559346324,0.74125067565903,0.249029225578077,0.436274522922287,0.966415435797234,0.927368746519382,0.3903903248415,0.415468975982181,0.333177353153214,0.421424257840313,0.850126040268057,0.779828488184173,0.169705347382263,0.751694803906194,0.71663347732909,0.668271746749827,0.204487781725874,0.427655527981382,0.486159660336419
11248,0.928572161085886,0.360255641982244,0.0938709074208711,0.608467554599771,0.585690354238889,0.711298561331326,0.0731229836969595,0.0175204548649982,0.8202568915756,0.613456052191233,0.687582801256603,0.540487326554661,0.0493045314259719,0.280748258231616,0.791983824532152,0.0959640394800457,0.862845153831849,0.7924166852123,0.494004846531658,0.743781693475447,0.701652300221988
6713,0.234987427638296,0.736555590766899,0.927143370044251,0.380304550137885,0.195245632893271,0.282551546349735,0.60665132314421,0.605746331649283,0.0786873478318498,0.195446577914076,0.291285727753622,0.351696802043794,0.850126040268057,0.334771629106799,0.58349712112163,0.696991690774141,0.244833424590814,0.198449254606453,0.490309811918031,0.678822865042443,0.264289290899557
4193,0.68186167957108,0.00725514355741095,0.733221330628633,0.648367129568578,0.236499268543165,0.0458139670300597,0.26516274569085,0.379826722709409,0.434026906259247,0.0936091550014925,0.89682121514135,0.681446665396674,0.667682619501541,0.652018593958128,0.0844440429796936,0.36552703577949,0.10110436982725,0.15826226913969,0.949536296386663,0.0584880872051993,0.968250858972419
1693,0.203629600917249,0.608712237263949,0.210743717705912,0.290744724787593,0.0752701025146864,0.0846714911743611,0.804334387628626,0.867778239375318,0.255811506327747,0.0697079673123587,0.900780023322471,0.479147167686177,0.0803611622129866,0.117010102656868,0.976772446929936,0.658063733869129,0.0718568904433286,0.275168156997894,0.983776631171936,0.874652357936228,0.968798825528399
6454,0.882111992092841,0.905643458069201,0.215458557353702,0.704471928088142,0.656333092198017,0.558469802193708,0.179920015617172,0.367148366269138,0.661556117666406,0.80955017407735,0.817072684593968,0.779897031441803,0.400997393663494,0.51823385398623,0.219010803390801,0.529585930678992,0.854753532011701,0.432194603938851,0.967527682672601,0.830944290512543,0.991983262515222
7101,0.882111992092841,0.322340255222497,0.768316503756362,0.562150197009856,0.96536330545738,0.506051397823604,0.185605355009777,0.242814470192302,0.994277328606136,0.967159394680907,0.502538837906308,0.885256337233847,0.964194820082515,0.882192862166014,0.230815945265282,0.358583046602619,0.566196647495185,0.877680986394009,0.395574485020738,0.397022376683512,0.225813938080518
10716,0.663881845548654,0.800367743714298,0.692487486274545,0.867239340527804,0.741578077688891,0.711707688762686,0.397510777023249,0.508324982129399,0.785075955436557,0.289833743914418,0.413340279119668,0.776445930694762,0.752895363115533,0.748408138139922,0.789345467071186,0.414027471712331,0.379372417565074,0.428389611624566,0.598661638652046,0.880624740779459,0.448320679098266
2205,0.0100921668240779,0.251703259134007,0.855631191414373,0.488049174935187,0.36320381790057,0.588645338025141,0.463044934862911,0.759885043291684,0.0154659343394686,0.449263068608426,0.43990053501144,0.186713345771167,0.442964989326332,0.317422288990502,0.0693244181660264,0.732177419314599,0.598804912785401,0.170095982121374,0.791615779975657,0.0485956386792093,0.340732902115148
4020,0.582090202369967,0.415652553273683,0.465747083621306,0.624958475046626,0.932515526037292,0.854759531164972,0.955901262881741,0.898829739782122,0.643776276260654,0.145236996824719,0.216959614069085,0.751199416749227,0.525519461469109,0.626991093023464,0.673061725547356,0.763019400254853,0.224112514656374,0.255633931820427,0.181965285381197,0.473566350226901,0.210741135150362
397,0.268519224468836,0.58695888776899,0.0470694395825667,0.159442242564852,0.298754631620025,0.23392264232493,0.324228008412232,0.373957352647005,0.394668805936731,0.759952141819869,0.979373337975277,0.262133695796604,0.106591132005893,0.0929384092916595,0.659677995922155,0.617958668959987,0.486469583604573,0.537334582409848,0.644147266728232,0.503785624994994,0.650345497205351
1336,0.657669081616818,0.43465984507263,0.321268172203224,0.425556286563479,0.685629105625406,0.617227659259862,0.652704536819092,0.5133288691875,0.427242554649626,0.890976110498446,0.229982884633781,0.345296515189401,0.174958323760691,0.100306232829755,0.598412638933801,0.704315864702452,0.60266815289763,0.869102422453963,0.368058934464379,0.446370572653065,0.290607529883767
8720,0.869283338862535,0.00220396062787038,0.438903848512864,0.839282345047655,0.609745501691567,0.623173641519595,0.594070543347866,0.599864167684111,0.691568769661882,0.375102530099016,0.276850186882246,0.865406668119238,0.478595337481619,0.669792873863857,0.0417050305556275,0.713276635800826,0.016017789330629,0.327430267630268,0.167818506908944,0.058690982025536,0.0728890739065239
10690,0.064253933803421,0.693578602587614,0.689896524280966,0.31899221379953,0.299289274001746,0.433138186884907,0.93004267910593,0.355830175547503,0.349779067884707,0.757023805103392,0.596150684262358,0.244351601475129,0.313864881224719,0.219458511037384,0.552004620847885,0.301367028153904,0.379929160276663,0.810190322960179,0.790491342165962,0.464583169372682,0.835550778611066
288,0.26402912796207,0.663003522532654,0.766359530626838,0.78056117739292,0.450502390447291,0.429391904767573,0.0179950976737155,0.171566756192286,0.558459260366473,0.193276949341846,0.903625086675869,0.318891687836915,0.752895363115533,0.596389273103089,0.176309807598659,0.232046374684885,0.177102856510409,0.283296180945726,0.973801733874622,0.705422887953246,0.907634116168264
8730,0.386811272595217,0.739582825660756,0.607652221653757,0.714173435333091,0.944311194545626,0.971550917024663,0.45710054346022,0.568947248435689,0.412415189885972,0.281112339511813,0.74953811618995,0.812128108468336,0.862738892427922,0.802535156755407,0.991847660239783,0.196403555265028,0.0377094051569603,0.125984395212515,0.767154979083013,0.630153306662076,0.742607731644739
5699,0.731081250552139,0.506948987915391,0.0291711321144232,0.604449741836662,0.932515526037292,0.580585292311022,0.984273394860633,0.242814470192302,0.925607175722679,0.925568576562047,0.516481407429966,0.698405624046324,0.111886434265374,0.119453622053203,0.878115777120219,0.265523605746868,1,0.9824824113008,0.275778752652556,0.559261960981744,0.366951645066454
9529,0.402283067756299,0.841534873912246,0.160897173528646,0.517196315720068,0.479602104995343,0.38956364693064,0.638184346083271,0.324975383253171,0.549701951915687,0.157474822366901,0.828514648089941,0.362731829588687,0.266688950436676,0.0858787384583856,0.901002398573806,0.514439431345982,0.300544624116133,0.411467986734645,0.904099265109925,0.824193598403211,0.791370909658171
12797,0.0317259663539942,0.879540961025619,0.347849359578498,0.418006787746697,0.0101850626959489,0.0310606174559007,0.546035195579799,0.968111635702401,0.101170670057219,0.17007911037704,0.905600628960509,0.252745125478195,0.509806681214939,0.920578324412771,0.936594348305176,0.923434042428328,0.271842953601708,0.463047561467105,0.944328308872715,0.830823417656781,0.935601515742378
5181,0.213103666771968,0.663638943644435,0.0113531129481529,0.117095586370599,0.157294050882783,0.0408423789392069,0.952228029223212,0.767592693608674,0.379197292894765,0.579872248579244,0.861604413908611,0.0652339705717109,0.108969714540628,0.300870063780355,0.514384807553783,0.860437879799456,0.614787311797055,0.547434787763139,0.463709684123397,0.53226549601311,0.380150452215469
6331,0.880479718005838,0.356146150211592,0.214008984750159,0.817556338732326,0.490495978926759,0.550595271876644,0.628155783971307,0.603760141396846,0.507393042658434,0.613907189233792,0.60764521560628,0.791891849524002,0.268852523410336,0.534954753934365,0.478940452747955,0.784593162639608,0.433144459079076,0.604960244497776,0.412618721820892,0.471233236597638,0.572867345683507
10874,0.777642481244895,0.0738229489741868,0.40052083426831,0.250616592301907,0.377711802627965,0.54645456575355,0.6869326135373,0.861167134998795,0.325449726437697,0.603822914229816,0.547891287672843,0.310628994370445,0.462702520002104,0.938585349305801,0.692712189222048,0.843569459021725,0.938117103458938,0.524865879317577,0.275778752652556,0.302652870146869,0.383074048076551
13402,0.236163928067738,0.554232305632429,0.459542459900728,0.367280264090298,0.207241820056431,0.577680888970342,0.301270321985434,0.939122331137646,0.301829972334801,0.438828224895056,0.413180778653879,0.526206660758277,0.0960413335313603,0.305287275339138,0.374580134187812,0.552917266888842,0.666299961643229,0.661187584281077,0.645938957203288,0.495795686314983,0.696723970054155
11023,0.82643431437354,0.649640825226779,0.784492315241164,0.654097529660163,0.980921808051963,0.958266587317385,0.540468146816737,0.204411498155315,0.953952238425598,0.473125527738049,0.533508235837051,0.806012749022202,0.808060513090237,0.777402413499822,0.795434571132644,0.262189810408045,0.415165826791251,0.548138141960837,0.496215848374203,0.789935706617995,0.520617176291818
8001,0.681162540369162,0.376049005038019,0.852646806269878,0.715941654940752,0.9611918035652,0.885511115220688,0.528028942327285,0.299977716914529,0.982669376971538,0.955059161483382,0.31509451785755,0.531413827644539,0.811729796195198,0.802367119849668,0.371306616894155,0.48917707207812,0.935199899567026,0.93544940867787,0.304601993356515,0.278680609590931,0.31150515792634
12682,0.918156800451217,0.715942371869162,0.918402521594217,0.762541579295923,0.702493311457552,0.354827219215249,0.667545302821458,0.056564117617008,0.83652859422261,0.0936091550014925,0.863571003108502,0.928229413003378,0.850126040268057,0.894442892917501,0.629968446836593,0.105155738208772,0.114909198248466,0.312731108127404,0.419773769238388,0.4393018321124,0.380150452215469
1774,0.182612382520939,0.465542110415401,0.866359979415557,0.503769532523654,0.783203418449642,0.935585030694631,0.358589170068347,0.735944456452453,0.640355970807801,0.665589668731381,0.31509451785755,0.0365147315091267,0.945493580444846,0.661308700379482,0.472868706195929,0.998315549770409,0.327875193877731,0.608713559391329,0.340886337592509,0.552149895624552,0.270402097649572
268,0.890913390447974,0.0278180242165063,0.889939593038389,0.885966435143254,0.736663181438813,0.649130232393178,0.11727922231795,0.156274372124734,0.541661831422207,0.5822701790921,0.30791901449361,0.925810147883118,0.976388482876891,0.953851003088479,0.101787240079711,0.202212655938321,0.83432357191992,0.426889028720235,0.488814644287063,3.53609219348765e-06,0.100152355992375
12918,6.18263281914732e-06,0.767929935273415,0.268953364868221,0.0179823843192038,0.00758978972335231,0.0605701004117851,0.945514222070261,0.571861390411634,0.0331281949970816,0.63791616271167,0.687859795197241,0.0211935555535797,0.456842589531835,0.351479884030616,0.719743472999473,0.774050584756178,0.542947050539751,0.506710946438731,0.840895664944317,0.760421144275437,0.70972120082482
9443,0.0203222107867288,0.0692493538972665,0.34873097509821,0.0265078608309048,0.116741722882616,0.215908946545389,0.719739351417521,0.764473433126567,0.00019066470255015,0.0261556597551391,0.351813246344237,0.0462267534537108,0.52650676431238,0.491227303098235,0.273581498811804,0.748659249179541,0.016017789330629,0.00843986603457404,0.475735439572923,0.259979724662335,0.388864646430587
7870,0.37943996590492,0.915621763051046,0.544821202574252,0.177727380094976,0.307807271558369,0.298624143867667,0.401625238560217,0.141163287020792,0.153333752178775,0.837344810500483,0.968935491306279,0.478108965572237,0.642477497702753,0.485316543547502,0.743194061250756,0.135785688085066,0.718779540789596,0.707161079673435,0.899022028306858,0.826646354943126,0.917383989017779
6630,0.771350597319798,0.351844808735667,0.807786903148403,0.700877393064731,0.682486610263709,0.695936757551985,0.625970838582892,0.491199696892978,0.836143383339317,0.888269933207209,0.531349312939804,0.584705693408505,0.581291646229365,0.596389273103089,0.785689058826154,0.761661615966433,0.932127885871886,0.671800848576237,0.580337320055516,0.741703178484115,0.529613106722555
1904,0.604202705894916,0.211786393497825,0.671715016171354,0.760841396560044,0.339097811048575,0.161294425608372,0.201736401748429,0.471324658700726,0.313685674442478,0.909673174876707,0.607427441277261,0.572636630623262,0.615696825808794,0.644164375493503,0.495392182267504,0.679683176369235,0.98778127917912,0.726626140060031,0.709103631118993,0.569547638333964,0.633444985377637
7545,0.655693029535972,0.391670470635837,0.344788620513235,0.379857709468791,0.806967924899545,0.440705837023109,0.670834427080115,0.533669762949636,0.851681368540141,0.644445671923769,0.0909177244455199,0.693521103293946,0.631846057222908,0.510784292245551,0.570984744880833,0.409270768143331,0.477361662684697,0.456571149166995,0.379752703303742,0.483647887439359,0.310706343842753
11799,0.391086423010632,0.15974510546433,0.788225878354322,0.369516626646398,0.377711802627965,0.245940570291741,0.69447801402992,0.84234540203034,0.282408442755229,0.943146520705759,0.206583572057303,0.362731829588687,0.828375251846066,0.786229373980086,0.285172532682123,0.623445127662804,0.968096891383822,0.922347044643254,0.037204800564516,0.0578654274928677,0.161758475164533
3831,0.750971606649804,0.353015249054156,0.0306750081529951,0.535765874907799,0.839379925249374,0.973884055368425,0.201736401748429,0.204532156100116,0.773838972759565,0.870234816999571,0.822730230268769,0.572636630623262,0.0832967143460665,0.183923967589575,0.168716097562602,0.382090761496054,0.910338048205026,0.879364946473674,0.516156185964546,0.292959242248036,0.633608766185046
11027,0.918156800451217,0.0844273243586355,0.658514359743054,0.631449598372332,0.932876554798885,0.673412970531536,0.066938978760544,0.12965000785614,0.93239732741188,0.709027218744893,0.206583572057303,0.788898531733159,0.995958152324447,0.79196559073615,0.176511943248669,0.278498030081241,0.480035520063174,0.590915852488396,0.23639370076266,0.21171729348795,0.201611835733034
10169,0.259346514008068,0.835975015454221,0.040759051320486,0.0188936581520345,0.0270050402045455,0.298974949761502,0.704938978505195,0.968111635702401,0.185972423410945,0.605034172195161,0.604283789395011,0.402126056631623,0.0177058144769046,0.0690211032220829,0.226601227841048,0.723907258163103,0.598855668350438,0.651744852799982,0.987370704638186,0.604672041824038,0.816675728938041
383,0.682779217695091,0.677577129050083,0.536036387789356,0.0421939463849162,0.637978797976012,0.39114989431836,0.892250227388679,0.473827196603889,0.657710591112085,0.712526870817465,0.847301135949424,0.32685404110991,0.688045299376282,0.864682868052249,0.90068414551305,0.826814642984709,0.736520095518532,0.411385498233191,0.799684175715228,0.850718825276965,0.791370909658171
9672,0.508833868244199,0.880714543670519,0.216449677320911,0.631449598372332,0.943302192289173,0.856762226936546,0.148606960264052,0.263669036921658,0.783424349569409,0.0728048239384635,0.417658392876207,0.653414402827997,0.31568130365619,0.493160668316802,0.89018019178333,0.261278863921689,0.018148411404113,0.254334037306742,0.931661460051944,0.999562662267235,0.340733394365156
8068,0.933186810345938,0.534859344664776,0.258614260111958,0.96895366681786,0.843463747821521,0.951853540592575,0.0335302864867543,0.226015704374484,0.824104587625337,0.129197706716451,0.900759390245119,0.828375786443174,0.144515219629933,0.058515639343751,0.740544644988767,0.207474464405074,0.228744900306812,0.112428240328415,0.928145849214809,0.673169637581145,0.864810211394151
9235,0.749615145862695,0.960704338736686,0.730150837888539,0.833899186600721,0.365224535126292,0.538860400232782,0.192502056201391,0.292136659328029,0.443136337098618,0.220952758804827,0.450778879755044,0.407054430243237,0.384256713936809,0.774280718965786,0.911224849722113,0.371240784443149,0.164041468438749,0.550735528876925,0.607672013031508,0.925572300762844,0.607386808225873
1595,0.835525307840149,0.577774920192918,0.978145126304105,0.980017693934067,0.980921808051963,0.987803000919948,0.0177992765694926,0.00778044628639661,0.866676684717606,0.740758455072614,0.148729258575349,0.979121624286361,0.958761528174996,0.836558978577989,0.146782231885299,0.0528756348880127,0.760594344773218,0.598286330607989,0.533582043394135,0.222004769634894,0.0968991833680044
2535,0.704003340333382,0.530667893089208,0.211654923361846,0.140468939972495,0.502458693434723,0.226293579238591,0.369236970539313,0.0122131844006158,0.669298899220164,0.815166060907155,0.463165267592177,0.381788878797172,0.347217629838648,0.401264540701622,0.621931984078404,0.118892318689015,0.784425019091585,0.823894287758551,0.394310251333159,0.577398654713712,0.421407848252613
9728,0.933182221327306,0.13707110009263,0.715377715545742,0.816968337857049,0.952289790575239,0.830874139261312,0.566876928845856,0.705232001898669,0.771408577072085,0.663803148843805,0.0124058387289987,0.66274480730874,0.872292891786005,0.735614291613778,0.596737390851237,0.705627663053747,0.730815629899861,0.894158076569923,0.0158725139690249,0.564286209887704,0.137875135462972
8917,0.23890168346304,0.265572725216903,0.309494020638297,0.380824470667341,0.401748865328546,0.638015488490094,0.690497355601167,0.841551659981394,0.286403162705175,0.338414022797516,0.38238572943863,0.262133695796604,0.20608115966231,0.0745682664998353,0.245389489689864,0.856940791729755,0.523327641441125,0.145066991440653,0.356387038760737,0.208623381936101,0.366951645066454
9821,0.499744424124716,0.615432224328547,0.204604691936463,0.517196315720068,0.333449641556248,0.561790146373217,0.64269402472089,0.47911017202643,0.265643039695671,0.483252784993442,0.636703397905303,0.459340112211892,0.215638704120293,0.319687151574168,0.834675236030074,0.556695469551427,0.643150368226827,0.447066763496306,0.624161413491451,0.692439126134453,0.548421487285098
7127,0.150857332708027,0.614585901250867,0.322178270846984,0.197568395532608,0.0455644377246723,0.231832248924935,0.690964389732705,0.927368746519382,0.116069539618757,0.499331847888837,0.437580298963991,0.0219701895357443,0.0931364308062839,0.323720340282229,0.663581544329188,0.978610133076091,0.683696435366466,0.581569862035699,0.567671554214268,0.540183744267476,0.526498887045806
10067,0.158592027700084,0.553674222360017,0.359902283736196,0.434919710694759,0.354961660404874,0.856766641040257,0.552443668636092,0.874695357263568,0.140292029726928,0.456889323942779,0.735481079586287,0.203112673160318,0.153026465995664,0.113067422344801,0.848194684390153,0.970221699377873,0.644717120794712,0.247726133435008,0.826083891285146,0.558737958241611,0.586515992425934
7567,0.738815488117902,0.989484570757831,0.493807104624618,0.851303902374697,0.757058086113847,0.774108181099817,0.399582905835807,0.22981500313785,0.59004153491594,0.0925805908000292,0.795319116076444,0.613129889938463,0.2201603070242,0.0978839213556665,0.399437770555971,0.371240784443149,0.0669468643903281,0.128054646814615,0.851669374039208,0.816604637203629,0.85932879219369
11760,0.709165218998519,0.100183498133862,0.56445756403467,0.668773974121353,0.927533081651752,0.972941836478159,0.462312257513785,0.270747735412343,0.806933326579857,0.990401659388247,0.140991712706355,0.780149506804814,0.697945701365182,0.576292789494597,0.0727394720855347,0.387875541290454,0.950356991467157,0.907951880330275,0.0278804231362681,0.00806027616603294,0.040313106693328
5521,0.0666136927669143,0.959493963415541,0.415715997522686,0.279846594606031,0.0128086684468303,0.036295913638107,0.472777866157057,0.323298728179078,0.0155108591288921,0.0261556597551391,0.0826702783326475,0.0884307234959654,0.177356486615131,0.275826441635623,0.978288015542071,0.341494756066011,0.0399720861143312,0.0262783928152403,0.306995134050977,0.987446226991936,0.14839544110654
196,0.139256234583904,0.466083597323073,0.160559669452149,0.307730510225819,0.616845480181817,0.552878855369693,0.577445395436701,0.694057501118686,0.427242554649626,0.0261556597551391,0.190585859759606,0.166508547496953,0.349161107453908,0.439192039394306,0.0565388895399513,0.431770317418374,0.122713433622959,0.0209842996885567,0.330758572396868,0.169281727275876,0.29235169472525
12768,0.936114028761283,0.821268348192647,0.804751430888033,0.898312453718262,0.0494334800699448,0.300178185216468,0.156029011016286,0.477653420514543,0.274827355023063,0.19339434816717,0.248712202003155,0.79586081985422,0.345251759756926,0.403316494880902,0.801950817376819,0.40595129814019,0.119779600545023,0.346311759101804,0.623275688773833,0.839798004269539,0.573281589448203
8149,0.700259025754886,0.185981288666536,0.694029299919517,0.814444336564421,0.868415898978194,0.686823140644941,0.292593899012359,0.409038382629583,0.897686330545118,0.827253963005043,0.409172444782126,0.710643298054733,0.77267325108891,0.689672000188033,0.371306616894155,0.312426026340687,0.772457274108497,0.920575007149884,0.463709684123397,0.330483268649239,0.485909612715076
13231,0.0265674372297874,0.42468373666847,0.817337575882693,0.516707160319215,0.58408024020485,0.778994317064485,0.462312257513785,0.978594909108459,0.758341529081916,0.934526928495685,0.303994741891157,0.316780848813527,0.540128384371877,0.93457453256384,0.315656774820245,0.592512414231278,0.935199899567026,0.975627073952855,0.314877913201571,0.292959242248036,0.248037026184178
4998,0.420677979251763,0.544612576703845,0.723413277563855,0.327655155224058,0.216059834132047,0.177427590166066,0.702985092444159,0.679209277965919,0.297887526893442,0.249823917118303,0.285097979769528,0.207704320013165,0.8002070398175,0.898622655476155,0.514171068176322,0.71101893070576,0.156043941619009,0.348411316461555,0.333390654981897,0.502388991573077,0.270190214786676
162,0.405617144727068,0.381695216456333,0.0782176056822636,0.368687315869329,0.873094075341617,0.492277640909802,0.309266222733148,0.0975385006574224,0.295354722167259,0.908063098743607,0.911089658034879,0.878122401803287,0.341115645332111,0.172637047586782,0.564666162684515,0.0334243399911431,0.401193914643789,0.226850825542392,0.97358429904219,0.537140875437724,0.915616688425912
5504,0.36179493841869,0.844033618316407,0.0306750081529951,0.172763499776109,0.682486610263709,0.433138186884907,0.560992815871091,0.0638418422792036,0.458170143371621,0.811137799316713,0.946222996972297,0.34042584270836,0.141145878901392,0.139845948204131,0.890180271919569,0.181106768674431,0.635889352929134,0.520819618946041,0.888637352912505,0.825254303066747,0.883105852041923
4479,0.882299138470037,0.807733860206898,0.273518503558895,0.585859155705171,0.797722793398095,0.56471655871184,0.468613898746796,0.0353223904502387,0.887806418905272,0.749813413416992,0.184540793682451,0.757285824943537,0.451029822352651,0.447202638380337,0.530373654127888,0.0682297872048645,0.594836339266826,0.675864163937882,0.196402851482034,0.656634655244002,0.138589267162339
312,0.0581773943732228,0.0957686210487819,0.815397118178038,0.655481569180964,0.873098374436194,0.944750970879804,0.263653438969696,0.955649141080372,0.998523960918326,0.44280000605652,0.0440487198499551,0.516065853580028,0.527373070053971,0.894442446434928,0.0289535117495113,0.413730760209027,0.373142305203553,0.920575007149884,0.229623248354981,0.109319689224234,0.172013365756816
3838,0.404316062032967,0.196449979616827,0.387935871083944,0.277997179983973,0.423631954735325,0.462889845718924,0.946435953763366,0.529749271304768,0.472021043338091,0.335117595846505,0.552338811333931,0.362480965210261,0.439768087043601,0.540134079354687,0.785689058826154,0.744549648386245,0.239977260654085,0.6339216514893,0.598660342127264,0.799535674196642,0.462694610079308
3742,0.0636335604582768,0.446727812372605,0.00569982616916941,0.0227124322710693,0.332418287180755,0.49994452379065,0.964323278012728,0.89058242748985,0.166358915624796,0.837155682451733,0.155895934954326,0.148344030219345,0.000182460458187559,0.134724888759664,0.570984744880833,0.814288537273614,0.530933164133904,0.653199507336584,0.155904191577674,0.489725046231715,0.178185734757821
5349,0.901272192534682,0.0239004889292103,0.937869001564777,0.839462602906674,0.907751107298436,0.746546194548899,0.136068472719232,0.089681484126006,0.923177562234227,0.550451089438065,0.173087575780651,0.902682078667042,0.964615654853023,0.941990990810846,0.125522937043175,0.0868272277116247,0.816484475558416,0.642274368926532,0.175991066974764,0.0128097860828728,0.145888904064888
6093,0.278909249589065,0.880714543670519,0.23745114934791,0.318567747769419,0.248790459258948,0.169492123685585,6.77154804578518e-05,0.358384750904199,0.578545541051569,0.748775973280795,0.753120658374544,0.701465487892723,0.519637736861475,0.761049606542016,0.742558292382647,0.107791084905798,0.528605641533591,0.873691976341382,0.824066636004618,0.948126511477625,0.831335118775389
11200,0.173365008284359,0.987531538622586,0.497848282485571,0.0834653881434701,0.296954183502077,0.195715221838241,0.255316710552724,0.0319808191907709,0.379197292894765,0.072950939023219,0.540097958411377,0.187093785977042,0.572470255976107,0.739837347036266,0.97863178398142,0.0125202790015254,0.0239854841215943,0.0881502297050942,0.628161390733628,0.983389391412858,0.536463427047326
10273,0.130150928100982,0.731744612759752,0.942452600431436,0.232476962381914,0.58059183429976,0.895314670379805,0.836860496470815,0.909469110689429,0.685558750813985,0.798290098778097,0.0826702783326475,0.513433969475002,0.707752390059235,0.8120236449517,0.0920946978273976,0.683239030506993,0.836334957247459,0.789502956254335,0.560543489765455,0.193804495889085,0.129025541729979
4403,0.327772131350226,0.403889681461914,0.459147121917943,0.265831984430497,0.29246415201573,0.113102763933334,0.978980703114906,0.571861390411634,0.326926769095482,0.405386942996321,0.372892307110794,0.345633087045803,0.307474741424975,0.255847606185276,0.362951869020715,0.529342560931246,0.427142754374313,0.479361211991333,0.769636603780486,0.508068785848768,0.691579219093664
7649,0.440402879832002,0.673727535130942,0.717352685102907,0.820544208026177,1,0.939147919875928,0.423096152854219,0.343028233869927,0.673963550499382,0.952363733594071,0.655010344044191,0.864929491387072,0.753093036091017,0.351072468682197,0.315656774820245,0.353744543757293,0.942234578242117,0.641345376408996,0.575926191925357,0.502943035722541,0.536960799532153
13154,0.46413263615467,0.463729201631722,0.14086369389019,0.0311626262377421,0.0306839071040856,0.0507995049190495,0.967972333270858,0.863777224897583,0.185691584443159,0.140883043712197,0.302710305241711,0.0692542600551074,0.0632479328739372,0.535176528206999,0.438657279486225,0.938492674337203,0.153878949515436,0.3933113083216,0.424946552291216,0.600748440049085,0.292346526100165
13234,0.709165218998519,0.391661074164624,0.098242378819566,0.303800688918612,0.503758447740674,0.238894553398981,0.337054562047617,0.0500605503767574,0.580323508957824,0.853413538613741,0.696228990652712,0.383982342741494,0.330004599206188,0.463899986372714,0.38099891873775,0.156847215095994,0.640944473198656,0.818736602524584,0.575926191925357,0.397022376683512,0.645494188780985
9978,0.63527815303539,0.305032473884179,0.815397118178038,0.782324339520655,0.263773517732869,0.131255880793484,0.456514293057406,0.32914194578054,0.551988511532956,0.0925888831958009,0.968935491306279,0.630444953632611,0.6950575368966,0.677640124011173,0.319131097502339,0.431770317418374,0.0480126021210192,0.0924442438343448,0.983724663408058,0.537239978265025,0.903345511034499
10184,0.272329039541567,0.348112533420586,0.615644355883471,0.676891678634104,0.686033648838755,0.18461934938203,0.351791767891442,0.695727870686542,0.3174698500278,0.344380232636099,0.588404327170874,0.85553354771614,0.824503718548027,0.489080264076583,0.61288787222001,0.158056514865699,0.223758839889507,0.283532084287779,0.82422099871975,0.550914492632344,0.612737627346039
706,0.352490061270186,0.513721875892598,0.715915813220119,0.277997179983973,0.236400056227715,0.152256602091867,0.601242942141391,0.320379667757353,0.297887526893442,0.716857682003268,0.913960288119725,0.18296354679571,0.815803759185043,0.869379434189856,0.823931242209155,0.577901231768012,0.472068662822787,0.43054238375627,0.689184892106182,0.565298408590933,0.798511519042453
10160,0.279496555439823,0.754739837110036,0.79576847588359,0.4045669188644,0.337308816606955,0.163289354403035,0.411557342420028,0.455743572267467,0.395008560725601,0.241704571361302,0.356290671416888,0.42227866829942,0.528271416318717,0.332823912662651,0.676560345537206,0.255206772619532,0.399279898378009,0.362256093023329,0.712032084015782,0.777064653894291,0.528076179134516
10108,0.67699954793002,0.825641169967444,0.878208959019606,0.79397029563796,0.0101862207546358,0.0206134490634425,0.318471426524985,0.354704891618704,0.0115901971925224,0.174957956785623,0.00410714881592065,0.641588118517781,0.950022991543471,0.896538634280607,0.894264014674292,0.402075972920866,0.221336537020131,0.331261603098288,0.128072472013483,0.888562099305984,0.118072379118281
3454,0.522681416411963,0.161757140116869,0.96640948081129,0.98960602376291,0.169892222333498,0.768642597897207,0.0839630303799447,0.6446789058797,0.237616036827465,0.967159394680907,0.128250637698436,0.979875735464806,0.411906952465939,0.289112008987567,0.0163989998740899,0.40580416567563,0.938117103458938,0.8197171763784,0.273877665992428,0.0483635787854332,0.100152355992375
9294,0.551987789492006,0.367815560693615,0.309498628202482,0.790435943176532,0.529519130090427,0.532591634716707,0.939286233192261,0.319405919508491,0.357980454204084,0.431132589849413,0.696267167362677,0.693521103293946,0.329355083054735,0.310280529146909,0.170381793405441,0.354356155111451,0.486469583604573,0.45575363062706,0.929010646497134,0.133396003136545,0.782315293913942
4792,0.340882411621071,0.513842672411328,0.596774660192141,0.594445466889447,0.850493941378022,0.919787953225019,0.658318569879695,0.867778239375318,0.575895140818774,0.790344785838283,0.677674620972812,0.442957839573012,0.478360657851474,0.520781961925433,0.492205180057796,0.777579188564377,0.827424302331028,0.457943411286595,0.722349065563321,0.409075454411293,0.618977126941909
10803,0.635628423531478,0.599935017910116,0.780289349046922,0.701236213295231,0.462450811655572,0.42233229182018,0.0839630303799447,0.0878698912690633,0.549646150132241,0.962133527166549,0.682476894854579,0.668869972074512,0.872292891786005,0.821329904474734,0.738327659901288,0.108129259403162,0.877123289698877,0.961325912261412,0.487224616801805,0.509193078674531,0.504602760627266
12053,0.957362129390818,0.335984328028369,0.227139450622769,0.904039825118431,0.976603978305976,0.94611428295992,0.324983555495861,0.367123447134479,0.965266216052138,0.909907450413546,0.157934542894032,0.966882184391003,0.432149069027597,0.641962435061103,0.56661146989352,0.679683176369235,0.70445331429119,0.682227837148449,0.173238331318915,0.309066219060942,0.115074730396593
9904,0.635340687636554,0.959493963415541,0.189199375884488,0.775237476940645,0.502458693434723,0.62143322348521,0.556441770623681,0.592183620826643,0.295042580479905,0.140882506242101,0.909222829527545,0.79586081985422,0.502099888320378,0.240203670042107,0.911202635956579,0.334799045881137,0.424148952674981,0.076607508484217,0.967708799557925,0.976364913521867,0.997043454153996
5467,0.458699828322009,0.231994130256294,0.301775198738605,0.832131995878661,0.299243538615522,0.952741605966589,0.622295482332117,0.898828001237844,0.510131049182299,0.855492672578039,0.349286774098114,0.726046665204595,0.0785520693129556,0.158961780677108,0.424730883275734,0.697725067481586,0.98266303805239,0.869343418271935,0.659716485417841,0.501893262196178,0.614365467357464
12089,0.34429010471388,0.322340255222497,0.481090676264761,0.575515986128883,0.868415898978194,0.862864210081069,0.305486699868904,0.362263992985672,0.4565675503907,0.811780137506964,0.454559571989587,0.548403999120526,0.478907470813394,0.109356418651019,0.161455497846066,0.39631044380228,0.782625457919357,0.438014871535009,0.733431469582011,0.145543402280008,0.456876722615444
7635,0.465506685720587,0.319710600889843,0.392346820930309,0.710439319660265,0.655483108849474,0.42989832704239,0.300165887765749,0.292136659328029,0.458170143371621,0.805276595778661,0.462764506712378,0.623558769042961,0.380495243276198,0.414253691462108,0.629709013775484,0.382633723910123,0.686622380240775,0.784169244305559,0.03129380680771,0.588581592398558,0.211697530767818
3079,0.104842755948567,0.333343797585366,0.361206433835079,0.439257144596104,0.679395418488223,0.42940417812911,0.622295482332117,0.890386551501135,0.166358915624796,0.19522808864178,0.0175502528529249,0.400068627943327,0.442964989326332,0.331659789080994,0.0343271915209961,0.629213264314402,0.207582829640568,0.170046578699323,0.278344148104131,0.0806624601211438,0.0806593018168932
1720,0.999954168836429,0.0239459763921288,0.933022008598792,0.792122982261143,0.843463747821521,0.548678058991559,0.303307994582506,0.220566675684313,0.820467613041891,0.0101990325476841,0.134413827749364,0.584706514391034,0.945486191080496,0.735624098284592,0.117116789785848,0.687407542231291,0.0555506943781595,0.0377600363532319,0.316762938207644,0.238172905468433,0.37134726842856
6612,0.974773412040561,0.047768166479233,0.872457821340203,0.964893568305686,0.825032720313645,0.79497743285633,0.142844170193468,0.220566675684313,0.764118172208672,0.25805272249949,0.29614893935658,0.992045004589292,0.964615654853023,0.973867167671141,0.00519116147285536,0.26708818993734,0.710822155484839,0.270748976856731,0.170752344196884,0.147201998636206,0.172013365756816
10778,0.961640083386748,0.217057935880524,0.668368024701331,0.882596313111625,0.934546507153019,0.992102691677378,0.102972679269353,0.0253089549206167,0.998523960918326,0.7008962789901,0.317186339906605,0.999125978901616,0.757494973175486,0.796071444483065,0.276127170698396,0.00084094549211383,0.656962902113362,0.596102218931081,0.211733143534308,0.0969817100858559,0.211692515970859
6211,0.978810922118142,0.0407867256539299,0.0938709074208711,0.993083381758583,0.972382029473736,0.871029471417079,0.619309968561377,0.656031139378619,0.977350039864847,0.962133527166549,0.253605015530686,0.889691517208863,0.0941724226798379,0.0417030988473829,0.0343271915209961,0.490764786052158,0.990018209263261,0.908080249157231,0.0733669816596503,0.0329757201301719,0.129155880302457
5027,0.599561422619975,0.280827850469499,0.152745150837889,0.687754739757154,0.635584487845135,0.62143322348521,0.388972162952779,0.560970703270285,0.572732562566219,0.915049964295094,0.540097958411377,0.590933372558743,0.384252690173631,0.234352069432377,0.500160625078053,0.468027001615978,0.974097560571506,0.849065803708722,0.603407056630509,0.300318019220137,0.528762021841225
1765,0.760603366530629,0.210673628597611,0.0585189822668617,0.470949487513531,0.819551882369665,0.036295913638107,0.13502661507246,0.134133520378904,0.785693184261548,0.26879833142255,0.971121699044547,0.902682078667042,0.018797794995728,0.527437518192172,0.942744548235477,0.0356306348365863,0.0718583980343693,0.421911421762106,0.264182024879761,0.308599101282182,0.115074730396593
8742,0.762962682823514,0.799532708605284,0.359319037916663,0.63106128825172,0.770298202808724,0.840638459651908,0.502030443015963,0.338928835617251,0.805552523919388,0.579872248579244,0.594826636517889,0.505525661636791,0.293101231105496,0.342755056439065,0.742558292382647,0.557321454528914,0.52700159512269,0.508552917398583,0.635653000731103,0.731443345353536,0.541273417236629
